gender,parental level of education,math score,reading score,writing score,lunch_standard,test preparation course_none,race/ethnicity_group A,race/ethnicity_group B,race/ethnicity_group C,race/ethnicity_group D,race/ethnicity_group E
1,4,72,72,74,True,True,False,True,False,False,False
1,2,69,90,88,True,False,False,False,True,False,False
1,5,90,95,93,True,True,False,True,False,False,False
0,3,47,57,44,False,True,True,False,False,False,False
0,2,76,78,75,True,True,False,False,True,False,False
1,3,71,83,78,True,True,False,True,False,False,False
1,2,88,95,92,True,False,False,True,False,False,False
0,2,40,43,39,False,True,False,True,False,False,False
0,1,64,64,67,False,False,False,False,False,True,False
1,1,38,60,50,False,True,False,True,False,False,False
0,3,58,54,52,True,True,False,False,True,False,False
0,3,40,52,43,True,True,False,False,False,True,False
1,1,65,81,73,True,True,False,True,False,False,False
0,2,78,72,70,True,False,True,False,False,False,False
1,5,50,53,58,True,True,True,False,False,False,False
1,0,69,75,78,True,True,False,False,True,False,False
0,1,88,89,86,True,True,False,False,True,False,False
1,0,18,32,28,False,True,False,True,False,False,False
0,5,46,42,46,False,False,False,False,True,False,False
1,3,54,58,61,False,True,False,False,True,False,False
0,1,66,69,63,True,True,False,False,False,True,False
1,2,65,75,70,False,False,False,True,False,False,False
0,2,44,54,53,True,True,False,False,False,True,False
1,0,69,73,73,True,True,False,False,True,False,False
0,4,74,71,80,False,False,False,False,False,True,False
0,5,73,74,72,False,True,True,False,False,False,False
0,2,69,54,55,True,True,False,True,False,False,False
1,4,67,69,75,True,True,False,False,True,False,False
0,1,70,70,65,True,True,False,False,True,False,False
1,5,62,70,75,True,True,False,False,False,True,False
1,2,69,74,74,True,True,False,False,False,True,False
1,2,63,65,61,True,True,False,True,False,False,False
1,5,56,72,65,False,True,False,False,False,False,True
0,2,40,42,38,True,True,False,False,False,True,False
0,2,97,87,82,True,True,False,False,False,False,True
0,3,81,81,79,True,False,False,False,False,False,True
1,3,74,81,83,True,True,False,False,False,True,False
1,0,50,64,59,False,True,False,False,False,True,False
1,3,75,90,88,False,False,False,False,False,True,False
0,3,57,56,57,False,True,False,True,False,False,False
0,3,55,61,54,False,True,False,False,True,False,False
1,3,58,73,68,True,True,False,False,True,False,False
1,3,53,58,65,True,True,False,True,False,False,False
0,2,59,65,66,False,False,False,True,False,False,False
1,3,50,56,54,False,True,False,False,False,False,True
0,3,65,54,57,True,True,False,True,False,False,False
1,3,55,65,62,True,False,True,False,False,False,False
1,1,66,71,76,True,True,False,False,True,False,False
1,3,57,74,76,False,False,False,False,False,True,False
0,1,82,84,82,True,False,False,False,True,False,False
0,2,53,55,48,True,True,False,False,False,False,True
0,3,77,69,68,False,False,False,False,False,False,True
0,2,53,44,42,True,True,False,False,True,False,False
0,1,88,78,75,True,True,False,False,False,True,False
1,0,71,84,87,False,False,False,False,True,False,False
1,1,33,41,43,False,True,False,False,True,False,False
1,3,82,85,86,True,False,False,False,False,False,True
0,3,52,55,49,True,True,False,False,False,True,False
0,2,58,59,58,True,False,False,False,False,True,False
1,0,0,17,10,False,True,False,False,True,False,False
0,4,79,74,72,False,False,False,False,False,False,True
0,0,39,39,34,False,True,True,False,False,False,False
0,3,62,61,55,False,True,True,False,False,False,False
1,3,69,80,71,True,True,False,False,True,False,False
1,0,59,58,59,True,True,False,False,False,True,False
0,0,67,64,61,True,True,False,True,False,False,False
0,0,45,37,37,False,True,False,False,False,True,False
1,2,60,72,74,True,True,False,False,True,False,False
0,3,61,58,56,False,True,False,True,False,False,False
1,3,39,64,57,True,True,False,False,True,False,False
1,2,58,63,73,False,False,False,False,False,True,False
0,2,63,55,63,True,False,False,False,False,True,False
1,3,41,51,48,False,True,True,False,False,False,False
0,0,61,57,56,False,True,False,False,True,False,False
0,0,49,49,41,True,True,False,False,True,False,False
0,3,44,41,38,False,True,False,True,False,False,False
0,0,30,26,22,True,True,False,False,False,False,True
0,4,80,78,81,True,False,True,False,False,False,False
1,0,61,74,72,True,False,False,False,False,True,False
1,5,62,68,68,True,True,False,False,False,False,True
1,3,47,49,50,True,True,False,True,False,False,False
0,1,49,45,45,False,True,False,True,False,False,False
0,2,50,47,54,False,False,True,False,False,False,False
0,3,72,64,63,True,True,False,False,False,False,True
0,1,42,39,34,False,True,False,False,False,True,False
1,2,73,80,82,True,True,False,False,True,False,False
1,2,76,83,88,False,True,False,False,True,False,False
1,3,71,71,74,True,True,False,False,False,True,False
1,2,58,70,67,True,True,True,False,False,False,False
1,0,73,86,82,True,True,False,False,False,True,False
1,4,65,72,74,True,True,False,False,True,False,False
0,1,27,34,36,False,True,False,False,True,False,False
0,1,71,79,71,True,True,False,False,True,False,False
0,3,43,45,50,False,False,False,False,True,False,False
1,2,79,86,92,True,True,False,True,False,False,False
0,3,78,81,82,False,False,False,False,True,False,False
0,0,65,66,62,True,False,False,True,False,False,False
1,2,63,72,70,True,False,False,False,False,False,True
1,2,58,67,62,False,True,False,False,False,True,False
1,4,65,67,62,True,True,False,False,False,True,False
0,2,79,67,67,True,True,False,True,False,False,False
0,4,68,74,74,True,False,False,False,False,True,False
1,3,85,91,89,True,True,False,False,False,True,False
0,1,60,44,47,True,False,False,True,False,False,False
0,2,98,86,90,True,False,False,False,True,False,False
1,2,58,67,72,True,True,False,False,True,False,False
1,5,87,100,100,True,True,False,False,False,True,False
0,3,66,63,64,True,False,False,False,False,False,True
1,3,52,76,70,False,True,False,True,False,False,False
1,0,70,64,72,True,True,False,True,False,False,False
1,3,77,89,98,False,False,False,False,False,True,False
0,1,62,55,49,True,True,False,False,True,False,False
0,3,54,53,47,True,True,True,False,False,False,False
1,2,51,58,54,True,True,False,False,False,True,False
1,4,99,100,100,True,False,False,False,False,False,True
0,1,84,77,74,True,True,False,False,True,False,False
1,4,75,85,82,False,True,False,True,False,False,False
1,4,78,82,79,True,True,False,False,False,True,False
1,0,51,63,61,True,True,False,False,False,True,False
1,2,55,69,65,True,True,False,False,True,False,False
1,4,79,92,89,True,False,False,False,True,False,False
0,3,91,89,92,True,False,False,True,False,False,False
1,2,88,93,93,True,False,False,False,True,False,False
0,1,63,57,56,False,True,False,False,False,True,False
0,2,83,80,73,True,True,False,False,False,False,True
1,1,87,95,86,True,True,False,True,False,False,False
0,0,72,68,67,True,True,False,True,False,False,False
0,2,65,77,74,True,False,False,False,False,True,False
0,5,82,82,74,True,True,False,False,False,True,False
1,4,51,49,51,True,True,True,False,False,False,False
0,5,89,84,82,True,True,False,False,False,True,False
0,0,53,37,40,False,False,False,False,True,False,False
0,2,87,74,70,False,False,False,False,False,False,True
1,2,75,81,84,True,False,False,False,True,False,False
0,4,74,79,75,False,False,False,False,False,True,False
0,4,58,55,48,True,True,False,False,True,False,False
0,0,51,54,41,True,False,False,True,False,False,False
0,1,70,55,56,True,True,False,False,False,False,True
1,3,59,66,67,True,True,False,False,True,False,False
0,2,71,61,69,True,False,False,False,False,True,False
1,0,76,72,71,True,True,False,False,False,True,False
1,2,59,62,64,False,True,False,False,True,False,False
1,2,42,55,54,False,False,False,False,False,False,True
0,1,57,43,47,True,True,True,False,False,False,False
0,2,88,73,78,True,True,False,False,False,True,False
1,2,22,39,33,False,True,False,False,True,False,False
0,0,88,84,75,True,True,False,True,False,False,False
0,3,73,68,66,False,True,False,False,True,False,False
1,4,68,75,81,True,False,False,False,False,True,False
0,3,100,100,93,False,False,False,False,False,False,True
0,0,62,67,69,True,False,True,False,False,False,False
0,4,77,67,68,True,True,True,False,False,False,False
1,3,59,70,66,True,False,False,True,False,False,False
0,4,54,49,47,True,True,False,False,False,True,False
0,0,62,67,61,True,True,False,False,False,True,False
1,2,70,89,88,True,False,False,False,True,False,False
1,1,66,74,78,False,False,False,False,False,False,True
0,2,60,60,60,False,True,False,True,False,False,False
1,3,61,86,87,True,False,False,True,False,False,False
0,3,66,62,64,False,True,False,False,False,True,False
0,3,82,78,74,False,False,False,True,False,False,False
1,2,75,88,85,False,False,False,False,False,False,True
0,5,49,53,52,False,True,False,True,False,False,False
0,1,52,53,49,True,True,False,False,True,False,False
1,5,81,92,91,True,True,False,False,False,False,True
1,4,96,100,100,True,False,False,False,True,False,False
0,1,53,51,51,False,False,False,False,True,False,False
1,5,58,76,78,False,False,False,True,False,False,False
1,1,68,83,78,True,False,False,True,False,False,False
1,2,67,75,70,False,False,False,False,True,False,False
0,1,72,73,74,True,False,True,False,False,False,False
0,0,94,88,78,True,True,False,False,False,False,True
1,2,79,86,81,True,True,False,False,False,True,False
1,3,63,67,70,True,True,False,False,True,False,False
1,4,43,51,54,False,False,False,False,True,False,False
1,5,81,91,87,True,False,False,False,True,False,False
1,1,46,54,58,False,False,False,True,False,False,False
1,3,71,77,77,True,False,False,False,True,False,False
1,5,52,70,62,False,False,False,True,False,False,False
1,0,97,100,100,True,False,False,False,False,True,False
0,5,62,68,75,False,False,False,False,True,False,False
1,2,46,64,66,False,True,False,False,True,False,False
1,1,50,50,47,True,True,False,False,False,False,True
1,3,65,69,70,True,True,False,False,False,True,False
0,0,45,52,49,False,False,False,False,True,False,False
0,3,65,67,65,False,False,False,False,True,False,False
0,1,80,76,65,True,True,False,False,False,False,True
0,0,62,66,68,True,False,False,False,False,True,False
0,0,48,52,45,False,True,False,True,False,False,False
1,4,77,88,87,True,True,False,False,True,False,False
1,3,66,65,69,True,True,False,False,False,False,True
0,2,76,83,79,True,False,False,False,False,True,False
1,0,62,64,66,True,True,False,True,False,False,False
0,2,77,62,62,True,False,False,False,False,True,False
1,5,69,84,85,True,False,False,False,True,False,False
0,3,61,55,52,True,True,False,False,False,True,False
0,0,59,69,65,False,False,False,False,True,False,False
0,1,55,56,51,False,True,False,False,False,False,True
1,2,45,53,55,False,True,False,True,False,False,False
1,4,78,79,76,False,True,False,True,False,False,False
1,3,67,84,86,True,False,False,False,True,False,False
1,2,65,81,77,False,True,False,False,False,True,False
0,3,69,77,69,True,True,False,False,True,False,False
1,3,57,69,68,True,True,False,True,False,False,False
0,2,59,41,42,True,True,False,False,True,False,False
0,0,74,71,78,True,False,False,False,False,True,False
0,4,82,62,62,True,True,False,False,False,False,True
0,1,81,80,76,True,False,False,False,False,False,True
1,2,74,81,76,False,True,False,True,False,False,False
1,2,58,61,66,False,True,False,True,False,False,False
0,0,80,79,79,False,False,False,False,False,True,False
0,2,35,28,27,False,True,False,False,True,False,False
1,1,42,62,60,False,True,False,False,True,False,False
0,3,60,51,56,False,False,False,False,True,False,False
0,1,87,91,81,True,False,False,False,False,False,True
0,0,84,83,75,True,False,False,True,False,False,False
1,3,83,86,88,False,False,False,False,False,False,True
1,1,34,42,39,False,True,False,False,True,False,False
0,1,66,77,70,False,True,False,True,False,False,False
0,0,61,56,56,True,False,False,True,False,False,False
1,1,56,68,74,True,False,False,False,False,True,False
0,3,87,85,73,True,True,False,True,False,False,False
1,0,55,65,62,False,True,False,False,True,False,False
0,0,86,80,75,True,True,False,False,False,True,False
1,3,52,66,73,True,False,False,True,False,False,False
1,5,45,56,54,False,True,False,False,False,False,True
1,2,72,72,71,True,True,False,False,True,False,False
0,1,57,50,54,True,True,False,False,False,True,False
0,0,68,72,64,False,True,True,False,False,False,False
1,2,88,95,94,True,False,False,False,True,False,False
0,2,76,64,66,True,True,False,False,False,True,False
0,3,46,43,42,True,True,False,False,True,False,False
1,4,67,86,83,True,True,False,True,False,False,False
0,0,92,87,78,True,True,False,False,False,False,True
0,4,83,82,84,True,False,False,False,True,False,False
0,3,80,75,77,True,True,False,False,False,True,False
0,4,63,66,67,False,True,False,False,False,True,False
1,0,64,60,74,True,False,False,False,False,True,False
0,2,54,52,51,True,True,False,True,False,False,False
0,3,84,80,80,True,True,False,False,True,False,False
0,1,73,68,66,False,False,False,False,False,True,False
1,4,80,83,83,True,True,False,False,False,False,True
1,1,56,52,55,True,True,False,False,False,True,False
0,2,59,51,43,True,True,False,False,False,False,True
0,0,75,74,69,True,True,False,False,False,True,False
0,3,85,76,71,True,True,False,False,True,False,False
0,3,89,76,74,True,True,False,False,False,False,True
1,1,58,70,68,True,False,False,True,False,False,False
1,1,65,64,62,True,True,False,True,False,False,False
0,1,68,60,53,True,True,False,False,True,False,False
0,0,47,49,49,True,False,True,False,False,False,False
1,2,71,83,83,False,True,False,False,False,True,False
1,0,60,70,70,True,False,False,True,False,False,False
0,5,80,80,72,True,True,False,False,False,True,False
0,1,54,52,52,True,True,False,False,False,True,False
1,2,62,73,70,True,True,False,False,False,False,True
1,3,64,73,68,False,True,False,False,True,False,False
0,3,78,77,77,True,False,False,False,True,False,False
1,2,70,75,78,True,True,False,True,False,False,False
1,5,65,81,81,False,False,False,False,True,False,False
1,0,64,79,77,False,False,False,False,True,False,False
0,2,79,79,78,True,False,False,False,True,False,False
1,0,44,50,51,False,True,False,False,True,False,False
1,1,99,93,90,True,True,False,False,False,False,True
0,1,76,73,68,True,True,False,False,False,True,False
0,0,59,42,41,False,True,False,False,False,True,False
1,4,63,75,81,True,True,False,False,True,False,False
1,1,69,72,77,True,True,False,False,False,True,False
1,3,88,92,95,True,False,False,False,False,True,False
1,2,71,76,70,False,True,False,False,False,False,True
0,4,69,63,61,True,True,False,False,True,False,False
0,2,58,49,42,True,True,False,False,True,False,False
1,3,47,53,58,False,True,False,False,False,True,False
1,2,65,70,71,True,True,False,False,False,True,False
0,2,88,85,76,True,False,False,True,False,False,False
0,4,83,78,73,True,True,False,False,True,False,False
1,0,85,92,93,True,False,False,False,True,False,False
1,1,59,63,75,True,False,False,False,False,False,True
1,0,65,86,80,False,True,False,False,True,False,False
0,4,73,56,57,False,True,False,True,False,False,False
0,1,53,52,42,True,True,False,False,False,True,False
0,1,45,48,46,True,True,False,False,False,True,False
1,4,73,79,84,False,True,False,False,False,True,False
1,2,70,78,78,False,False,False,False,False,True,False
1,0,37,46,46,True,True,False,True,False,False,False
0,3,81,82,82,True,False,False,True,False,False,False
0,3,97,82,88,True,False,False,False,False,False,True
1,0,67,89,82,True,True,False,True,False,False,False
0,4,88,75,76,False,True,False,True,False,False,False
0,0,77,76,77,True,False,False,False,False,False,True
0,3,76,70,68,True,True,False,False,True,False,False
0,0,86,73,70,True,True,False,False,False,True,False
0,0,63,60,57,True,False,False,False,True,False,False
1,4,65,73,75,True,True,False,False,False,False,True
0,1,78,77,80,False,False,False,False,False,True,False
0,3,67,62,60,False,True,False,True,False,False,False
0,0,46,41,43,True,False,True,False,False,False,False
0,3,71,74,68,True,False,False,False,False,False,True
0,1,40,46,50,False,False,False,False,True,False,False
0,3,90,87,75,False,True,False,False,False,True,False
0,2,81,78,81,False,False,True,False,False,False,False
0,0,56,54,52,False,True,False,False,False,True,False
1,3,67,84,81,True,False,False,False,True,False,False
0,3,80,76,64,True,True,False,True,False,False,False
1,3,74,75,83,True,False,False,False,True,False,False
0,2,69,67,69,True,True,True,False,False,False,False
0,2,99,87,81,True,False,False,False,False,False,True
0,0,51,52,44,True,True,False,False,True,False,False
1,3,53,71,67,False,True,False,True,False,False,False
1,1,49,57,52,False,True,False,False,False,True,False
1,3,73,76,80,True,True,False,True,False,False,False
0,4,66,60,57,True,True,False,True,False,False,False
0,4,67,61,68,True,False,False,False,False,True,False
1,3,68,67,69,False,False,False,False,True,False,False
1,4,59,64,75,True,False,False,False,True,False,False
0,1,71,66,65,True,True,False,False,True,False,False
1,5,77,82,91,True,False,False,False,False,True,False
0,3,83,72,78,True,True,False,False,True,False,False
0,4,63,71,69,True,True,False,True,False,False,False
1,3,56,65,63,False,True,False,False,False,True,False
1,1,67,79,84,False,False,False,False,True,False,False
1,1,75,86,79,True,True,False,False,False,False,True
1,2,71,81,80,True,True,False,False,True,False,False
1,0,43,53,53,False,True,False,False,True,False,False
1,1,41,46,43,False,True,False,False,True,False,False
1,2,82,90,94,True,True,False,False,True,False,False
0,2,61,61,62,True,True,False,False,True,False,False
0,2,28,23,19,False,True,True,False,False,False,False
0,3,82,75,77,True,False,False,False,True,False,False
1,0,41,55,51,True,True,False,True,False,False,False
0,1,71,60,61,True,True,False,False,True,False,False
0,3,47,37,35,True,True,False,False,True,False,False
0,3,62,56,53,True,False,False,False,False,False,True
0,3,90,78,81,True,True,False,True,False,False,False
1,4,83,93,95,True,True,False,False,True,False,False
1,2,61,68,66,False,True,False,True,False,False,False
0,0,76,70,69,True,False,False,False,False,True,False
0,3,49,51,43,True,True,False,False,True,False,False
1,0,24,38,27,False,True,False,True,False,False,False
1,0,35,55,60,False,False,False,False,False,True,False
0,1,58,61,52,False,True,False,False,True,False,False
1,1,61,73,63,True,True,False,False,True,False,False
1,1,69,76,74,True,False,False,True,False,False,False
0,3,67,72,67,True,False,False,False,False,True,False
0,2,79,73,67,True,True,False,False,False,True,False
1,1,72,80,75,True,True,False,False,True,False,False
0,2,62,61,57,True,True,False,True,False,False,False
1,4,77,94,95,True,False,False,False,True,False,False
0,1,75,74,66,False,True,False,False,False,True,False
0,3,87,74,76,True,True,False,False,False,False,True
1,4,52,65,69,True,True,False,True,False,False,False
0,2,66,57,52,True,True,False,False,False,False,True
1,2,63,78,80,True,False,False,False,True,False,False
1,3,46,58,57,True,True,False,False,True,False,False
1,2,59,71,70,True,True,False,False,True,False,False
1,4,61,72,70,True,True,False,True,False,False,False
0,3,63,61,61,True,True,True,False,False,False,False
1,2,42,66,69,False,False,False,False,True,False,False
0,2,59,62,61,False,True,False,False,False,True,False
1,2,80,90,89,True,True,False,False,False,True,False
1,1,58,62,59,True,True,False,True,False,False,False
0,0,85,84,78,True,False,False,True,False,False,False
1,2,52,58,58,True,True,False,False,True,False,False
1,0,27,34,32,False,True,False,False,False,True,False
0,2,59,60,58,True,True,False,False,True,False,False
0,4,49,58,60,False,False,True,False,False,False,False
0,1,69,58,53,True,False,False,False,True,False,False
0,4,61,66,61,False,True,False,False,True,False,False
1,0,44,64,58,False,True,True,False,False,False,False
1,0,73,84,85,True,True,False,False,False,True,False
0,2,84,77,71,True,True,False,False,False,False,True
1,2,45,73,70,False,False,False,False,True,False,False
0,0,74,74,72,True,True,False,False,False,True,False
1,2,82,97,96,True,False,False,False,False,True,False
1,4,59,70,73,True,True,False,False,False,True,False
0,3,46,43,41,False,True,False,False,False,False,True
1,0,80,90,82,True,True,False,False,False,True,False
1,5,85,95,100,False,False,False,False,False,True,False
1,0,71,83,77,True,True,True,False,False,False,False
0,4,66,64,62,True,True,True,False,False,False,False
1,3,80,86,83,True,True,False,True,False,False,False
0,3,87,100,95,True,False,False,False,True,False,False
0,5,79,81,71,False,True,False,False,True,False,False
1,0,38,49,45,False,True,False,False,False,False,True
1,0,38,43,43,False,True,True,False,False,False,False
1,2,67,76,75,True,True,False,False,False,False,True
1,4,64,73,70,True,True,False,False,False,False,True
1,3,57,78,67,False,True,False,False,True,False,False
1,1,62,64,64,True,True,False,False,False,True,False
0,5,73,70,75,True,True,False,False,False,True,False
0,0,73,67,59,False,False,False,False,False,False,True
1,2,77,68,77,True,True,False,False,False,True,False
0,2,76,67,67,True,True,False,False,False,False,True
0,3,57,54,56,True,False,False,False,True,False,False
1,0,65,74,77,True,False,False,False,True,False,False
0,1,48,45,41,False,True,True,False,False,False,False
1,1,50,67,63,False,True,False,True,False,False,False
1,3,85,89,95,True,True,False,False,True,False,False
0,0,74,63,57,True,True,False,True,False,False,False
0,0,60,59,54,True,True,False,False,False,True,False
1,0,59,54,67,True,False,False,False,True,False,False
0,2,53,43,43,True,True,True,False,False,False,False
1,2,49,65,55,False,True,True,False,False,False,False
1,1,88,99,100,True,False,False,False,False,True,False
1,1,54,59,62,True,True,False,False,True,False,False
1,0,63,73,68,True,True,False,False,True,False,False
0,3,65,65,63,True,False,False,True,False,False,False
1,3,82,80,77,True,True,False,True,False,False,False
1,1,52,57,56,False,False,False,False,False,True,False
0,3,87,84,85,True,False,False,False,False,True,False
1,5,70,71,74,True,False,False,False,False,True,False
0,2,84,83,78,True,False,False,False,False,False,True
0,3,71,66,60,True,True,False,False,False,True,False
0,0,63,67,67,True,False,False,True,False,False,False
1,4,51,72,79,False,False,False,False,True,False,False
0,1,84,73,69,True,True,False,False,False,False,True
0,4,71,74,68,True,False,False,False,True,False,False
0,3,74,73,67,True,True,False,False,True,False,False
0,2,68,59,62,True,True,False,False,False,True,False
0,1,57,56,54,False,False,False,False,False,False,True
1,3,82,93,93,False,False,False,False,True,False,False
1,1,57,58,64,True,False,False,False,False,True,False
1,5,47,58,67,False,False,False,False,False,True,False
1,0,59,85,80,True,False,True,False,False,False,False
0,2,41,39,34,False,True,False,True,False,False,False
1,2,62,67,62,False,True,False,False,True,False,False
0,4,86,83,86,True,True,False,False,True,False,False
0,0,69,71,65,False,True,False,False,True,False,False
0,0,65,59,53,False,True,True,False,False,False,False
0,0,68,63,54,False,True,False,False,True,False,False
0,3,64,66,59,False,True,False,False,True,False,False
1,1,61,72,70,True,True,False,False,True,False,False
0,1,61,56,55,True,True,False,False,True,False,False
1,0,47,59,50,False,True,True,False,False,False,False
0,0,73,66,66,True,True,False,False,True,False,False
0,2,50,48,53,False,False,False,False,True,False,False
0,3,75,68,64,True,True,False,False,False,True,False
0,3,75,66,73,False,True,False,False,False,True,False
0,1,70,56,51,True,True,False,False,True,False,False
0,0,89,88,82,True,False,False,False,False,True,False
1,2,67,81,79,True,False,False,False,True,False,False
1,1,78,81,80,True,True,False,False,False,True,False
1,0,59,73,69,False,True,True,False,False,False,False
1,3,73,83,76,True,True,False,True,False,False,False
0,0,79,82,73,False,True,True,False,False,False,False
1,0,67,74,77,True,False,False,False,True,False,False
0,2,69,66,60,False,True,False,False,False,True,False
0,1,86,81,80,True,False,False,False,True,False,False
0,1,47,46,42,True,True,False,True,False,False,False
0,3,81,73,72,True,True,False,True,False,False,False
1,2,64,85,85,False,False,False,False,True,False,False
1,2,100,92,97,True,True,False,False,False,False,True
1,3,65,77,74,False,True,False,False,True,False,False
0,2,65,58,49,False,True,False,False,True,False,False
1,3,53,61,62,False,True,False,False,True,False,False
0,4,37,56,47,False,True,False,False,True,False,False
1,4,79,89,89,True,True,False,False,False,True,False
0,3,53,54,48,False,True,False,False,False,True,False
1,4,100,100,100,True,True,False,False,False,False,True
0,1,72,65,68,True,False,False,True,False,False,False
0,4,53,58,55,False,True,False,False,True,False,False
0,2,54,54,45,False,True,False,True,False,False,False
1,2,71,70,76,True,True,False,False,False,False,True
1,2,77,90,91,False,True,False,False,True,False,False
0,4,75,58,62,True,False,True,False,False,False,False
1,2,84,87,91,True,True,False,False,True,False,False
1,3,26,31,38,False,True,False,False,False,True,False
0,1,72,67,65,False,False,True,False,False,False,False
1,1,77,88,85,False,False,True,False,False,False,False
0,2,91,74,76,True,True,False,False,True,False,False
1,3,83,85,90,True,False,False,False,True,False,False
1,1,63,69,74,True,True,False,False,True,False,False
1,3,68,86,84,True,False,False,False,True,False,False
1,0,59,67,61,True,True,False,False,False,True,False
1,3,90,90,91,True,False,False,True,False,False,False
1,4,71,76,83,True,False,False,False,False,True,False
0,4,76,62,66,True,False,False,False,False,False,True
0,3,80,68,72,True,True,False,False,False,True,False
1,5,55,64,70,True,True,False,False,False,True,False
0,3,76,71,67,True,True,False,False,False,False,True
0,1,73,71,68,True,False,False,True,False,False,False
1,3,52,59,56,False,True,False,False,False,True,False
0,2,68,68,61,False,True,False,False,True,False,False
0,1,59,52,46,True,True,True,False,False,False,False
1,3,49,52,54,True,True,False,True,False,False,False
0,1,70,74,71,True,True,False,False,True,False,False
0,2,61,47,56,False,True,False,False,False,True,False
1,3,60,75,74,False,True,False,False,True,False,False
0,0,64,53,57,True,False,False,True,False,False,False
0,3,79,82,82,False,False,True,False,False,False,False
1,3,65,85,76,False,True,True,False,False,False,False
1,3,64,64,70,True,True,False,False,True,False,False
1,2,83,83,90,True,True,False,False,True,False,False
1,4,81,88,90,True,True,False,False,True,False,False
1,1,54,64,68,True,True,False,True,False,False,False
0,1,68,64,66,True,False,False,False,False,True,False
1,2,54,48,52,True,True,False,False,True,False,False
1,2,59,78,76,False,False,False,False,False,True,False
1,0,66,69,68,True,True,False,True,False,False,False
0,2,76,71,72,True,True,False,False,False,False,True
1,5,74,79,82,True,True,False,False,False,True,False
1,3,94,87,92,True,False,False,True,False,False,False
0,2,63,61,54,False,True,False,False,True,False,False
1,3,95,89,92,True,False,False,False,False,False,True
1,5,40,59,54,False,True,False,False,False,True,False
1,0,82,82,80,True,True,False,True,False,False,False
0,1,68,70,66,True,True,True,False,False,False,False
0,4,55,59,54,False,True,False,True,False,False,False
0,5,79,78,77,True,True,False,False,True,False,False
1,4,86,92,87,True,True,False,False,True,False,False
0,2,76,71,73,True,True,False,False,False,True,False
0,0,64,50,43,True,True,True,False,False,False,False
0,0,62,49,52,False,True,False,False,False,True,False
1,0,54,61,62,True,False,False,True,False,False,False
1,5,77,97,94,False,False,False,True,False,False,False
1,0,76,87,85,True,False,False,False,True,False,False
1,2,74,89,84,True,True,False,False,False,True,False
1,2,66,74,73,True,False,False,False,False,False,True
1,0,66,78,78,True,False,False,False,False,True,False
1,1,67,78,79,False,False,False,True,False,False,False
0,2,71,49,52,True,True,False,False,False,True,False
1,3,91,86,84,True,True,False,False,True,False,False
0,4,69,58,57,True,True,False,False,False,True,False
0,5,54,59,50,False,True,False,False,True,False,False
0,1,53,52,49,True,False,False,False,True,False,False
0,2,68,60,59,True,True,False,False,False,False,True
0,0,56,61,60,False,False,False,False,True,False,False
1,1,36,53,43,False,True,False,False,True,False,False
1,4,29,41,47,False,True,False,False,False,True,False
1,3,62,74,70,True,True,False,False,True,False,False
1,3,68,67,73,True,False,False,False,True,False,False
1,0,47,54,53,True,True,False,False,True,False,False
0,3,62,61,58,True,False,False,False,False,False,True
1,3,79,88,94,True,False,False,False,False,False,True
0,1,73,69,68,True,False,False,True,False,False,False
1,4,66,83,83,False,False,False,False,True,False,False
0,3,51,60,58,True,False,False,False,True,False,False
1,1,51,66,62,True,True,False,False,False,True,False
0,4,85,66,71,True,False,False,False,False,False,True
0,3,97,92,86,True,False,True,False,False,False,False
0,1,75,69,68,True,False,False,False,True,False,False
0,3,79,82,80,False,False,False,False,False,True,False
1,3,81,77,79,True,True,False,False,True,False,False
1,3,82,95,89,True,True,False,False,False,True,False
1,5,64,63,66,True,True,False,False,False,True,False
0,0,78,83,80,False,False,False,False,False,False,True
1,0,92,100,97,True,False,True,False,False,False,False
0,1,72,67,64,True,False,False,False,True,False,False
1,1,62,67,64,False,True,False,False,True,False,False
0,5,79,72,69,True,True,False,False,True,False,False
0,0,79,76,65,False,True,False,False,True,False,False
0,4,87,90,88,False,False,False,True,False,False,False
1,3,40,48,50,True,True,False,True,False,False,False
0,2,77,62,64,False,True,False,False,False,True,False
0,3,53,45,40,True,True,False,False,False,False,True
1,2,32,39,33,False,True,False,False,True,False,False
1,3,55,72,79,True,False,False,False,True,False,False
0,5,61,67,66,False,True,False,False,True,False,False
1,3,53,70,70,False,True,False,True,False,False,False
0,0,73,66,62,True,True,False,False,False,True,False
1,2,74,75,79,True,False,False,False,False,True,False
1,2,63,74,74,True,True,False,False,True,False,False
0,4,96,90,92,True,False,False,False,True,False,False
1,2,63,80,80,False,False,False,False,False,True,False
0,4,48,51,46,False,True,False,True,False,False,False
0,3,48,43,45,True,True,False,True,False,False,False
1,4,92,100,100,False,False,False,False,False,False,True
1,5,61,71,78,False,False,False,False,False,True,False
0,1,63,48,47,False,True,False,True,False,False,False
0,4,68,68,67,False,True,False,False,False,True,False
0,2,71,75,70,True,False,False,True,False,False,False
0,4,91,96,92,True,True,True,False,False,False,False
1,2,53,62,56,True,True,False,False,True,False,False
1,1,50,66,64,False,False,False,False,True,False,False
1,1,74,81,71,True,True,False,False,False,False,True
0,3,40,55,53,False,False,True,False,False,False,False
0,2,61,51,52,True,False,True,False,False,False,False
1,1,81,91,89,True,True,False,True,False,False,False
1,2,48,56,58,False,False,False,True,False,False,False
1,5,53,61,68,True,True,False,False,False,True,False
1,0,81,97,96,True,True,False,False,False,True,False
1,0,77,79,80,True,True,False,False,False,False,True
1,4,63,73,78,False,True,False,False,False,True,False
1,3,73,75,80,True,False,False,False,False,True,False
1,2,69,77,77,True,True,False,False,False,True,False
1,3,65,76,76,True,True,False,False,True,False,False
1,1,55,73,73,True,True,True,False,False,False,False
1,4,44,63,62,False,True,False,False,True,False,False
1,2,54,64,65,True,True,False,False,True,False,False
1,0,48,66,65,True,True,True,False,False,False,False
0,2,58,57,54,False,True,False,False,True,False,False
0,0,71,62,50,True,True,True,False,False,False,False
0,4,68,68,64,True,True,False,False,False,False,True
1,1,74,76,73,True,True,False,False,False,False,True
1,4,92,100,99,True,False,False,False,True,False,False
1,4,56,79,72,True,False,False,False,True,False,False
0,1,30,24,15,False,True,False,True,False,False,False
0,0,53,54,48,True,True,True,False,False,False,False
1,1,69,77,73,True,True,False,False,False,True,False
1,0,65,82,81,True,True,False,False,False,True,False
1,5,54,60,63,True,True,False,False,False,True,False
1,1,29,29,30,True,True,False,False,True,False,False
1,2,76,78,80,True,True,False,False,False,False,True
0,1,60,57,51,False,True,False,False,False,True,False
0,5,84,89,90,False,False,False,False,False,True,False
0,0,75,72,62,True,True,False,False,True,False,False
1,3,85,84,82,True,True,False,False,True,False,False
1,5,40,58,54,False,True,False,False,True,False,False
1,2,61,64,62,True,True,False,False,False,False,True
1,3,58,63,65,True,True,False,True,False,False,False
0,2,69,60,63,False,False,False,False,False,True,False
1,2,58,59,66,True,True,False,False,True,False,False
0,4,94,90,91,True,False,False,False,True,False,False
1,3,65,77,74,True,True,False,False,True,False,False
1,3,82,93,93,True,True,True,False,False,False,False
1,1,60,68,72,True,True,False,False,True,False,False
1,4,37,45,38,True,True,False,False,False,False,True
0,4,88,78,83,True,True,False,False,False,True,False
0,5,95,81,84,True,True,False,False,False,True,False
0,3,65,73,68,False,False,False,False,True,False,False
1,1,35,61,54,False,True,False,False,True,False,False
0,4,62,63,56,False,True,False,True,False,False,False
0,1,58,51,52,False,False,False,False,True,False,False
0,2,100,96,86,True,False,True,False,False,False,False
1,4,61,58,62,False,True,False,False,False,False,True
0,2,100,97,99,True,False,False,False,False,True,False
0,3,69,70,63,False,False,False,True,False,False,False
0,3,61,48,46,True,True,False,False,False,True,False
0,2,49,57,46,False,True,False,False,False,True,False
1,0,44,51,55,True,False,False,False,True,False,False
0,2,67,64,70,True,True,False,False,False,True,False
0,1,79,60,65,True,True,False,True,False,False,False
1,4,66,74,81,True,False,False,True,False,False,False
1,1,75,88,85,True,True,False,False,True,False,False
0,0,84,84,80,True,True,False,False,False,True,False
0,1,71,74,64,True,True,True,False,False,False,False
1,1,67,80,81,False,False,False,True,False,False,False
1,0,80,92,88,True,False,False,False,False,True,False
0,2,86,76,74,True,True,False,False,False,False,True
1,3,76,74,73,True,True,False,False,False,True,False
0,1,41,52,51,True,True,False,False,False,True,False
1,3,74,88,90,False,False,False,False,False,True,False
1,0,72,81,79,False,True,False,True,False,False,False
1,1,74,79,80,True,False,False,False,False,False,True
0,1,70,65,60,True,True,False,True,False,False,False
1,4,65,81,81,True,False,False,True,False,False,False
1,3,59,70,65,True,True,False,False,False,True,False
1,1,64,62,68,False,True,False,False,False,False,True
1,1,50,53,55,True,True,False,True,False,False,False
1,2,69,79,81,True,False,False,False,False,True,False
0,0,51,56,53,False,False,False,False,True,False,False
1,1,68,80,76,True,False,True,False,False,False,False
1,2,85,86,98,True,False,False,False,False,True,False
1,3,65,70,74,True,False,True,False,False,False,False
1,0,73,79,79,True,True,False,True,False,False,False
1,2,62,67,67,True,True,False,True,False,False,False
0,3,77,67,64,False,True,False,False,True,False,False
0,0,69,66,61,True,True,False,False,False,True,False
1,3,43,60,58,False,True,False,False,False,True,False
0,3,90,87,85,True,True,False,False,False,True,False
0,2,74,77,73,False,True,False,False,True,False,False
0,0,73,66,63,True,True,False,False,True,False,False
1,2,55,71,69,False,True,False,False,False,True,False
1,1,65,69,67,True,True,False,False,True,False,False
0,3,80,63,63,True,True,False,False,False,True,False
1,0,50,60,60,False,False,False,False,True,False,False
1,2,63,73,71,False,False,False,False,True,False,False
1,4,77,85,87,False,True,False,True,False,False,False
0,2,73,74,61,True,True,False,False,True,False,False
0,3,81,72,77,True,False,False,False,False,True,False
1,1,66,76,68,False,True,False,False,True,False,False
0,3,52,57,50,False,True,False,False,False,True,False
1,2,69,78,76,True,True,False,False,True,False,False
1,3,65,84,84,True,False,False,False,True,False,False
1,1,69,77,78,True,False,False,False,False,True,False
1,2,50,64,66,True,False,False,True,False,False,False
1,2,73,78,76,True,False,False,False,False,False,True
1,0,70,82,76,True,False,False,False,True,False,False
0,3,81,75,78,False,True,False,False,False,True,False
0,2,63,61,60,False,True,False,False,False,True,False
1,1,67,72,74,True,True,False,False,False,True,False
0,1,60,68,60,True,True,False,True,False,False,False
0,1,62,55,54,True,True,False,True,False,False,False
1,0,29,40,44,False,False,False,False,True,False,False
0,2,62,66,68,True,False,False,True,False,False,False
1,5,94,99,100,True,False,False,False,False,False,True
0,2,85,75,68,True,False,False,False,False,False,True
0,3,77,78,73,False,True,False,False,False,True,False
0,1,53,58,44,False,True,True,False,False,False,False
0,2,93,90,83,False,True,False,False,False,False,True
1,3,49,53,53,True,True,False,False,True,False,False
1,3,73,76,78,False,True,False,False,False,False,True
1,4,66,74,81,False,False,False,False,True,False,False
1,3,77,77,73,True,True,False,False,False,True,False
1,0,49,63,56,True,True,False,False,True,False,False
1,2,79,89,86,False,True,False,False,False,True,False
1,3,75,82,90,True,False,False,False,True,False,False
1,4,59,72,70,True,True,True,False,False,False,False
1,3,57,78,79,True,False,False,False,False,True,False
0,1,66,66,59,False,True,False,False,True,False,False
1,4,79,81,82,True,False,False,False,False,False,True
1,0,57,67,72,True,True,False,True,False,False,False
0,4,87,84,87,True,False,True,False,False,False,False
1,2,63,64,67,True,True,False,False,False,True,False
1,0,59,63,64,False,False,False,True,False,False,False
0,4,62,72,65,False,True,True,False,False,False,False
0,1,46,34,36,True,True,False,False,False,True,False
0,2,66,59,52,True,True,False,False,True,False,False
0,1,89,87,79,True,True,False,False,False,True,False
1,3,42,61,58,False,False,False,False,False,True,False
0,2,93,84,90,True,False,False,False,True,False,False
1,0,80,85,85,True,False,False,False,False,False,True
1,2,98,100,99,True,True,False,False,False,True,False
0,5,81,81,84,True,True,False,False,False,True,False
1,0,60,70,74,True,False,False,True,False,False,False
1,3,76,94,87,False,False,False,True,False,False,False
0,3,73,78,72,True,False,False,False,True,False,False
1,3,96,96,99,True,False,False,False,True,False,False
1,1,76,76,74,True,True,False,False,True,False,False
0,3,91,73,80,False,False,False,False,False,False,True
1,2,62,72,70,False,True,False,False,True,False,False
0,0,55,59,59,False,False,False,False,False,True,False
1,0,74,90,88,False,False,False,True,False,False,False
0,1,50,48,42,True,True,False,False,True,False,False
0,2,47,43,41,True,True,False,True,False,False,False
0,2,81,74,71,True,False,False,False,False,False,True
1,3,65,75,77,True,False,False,False,False,False,True
0,0,68,51,57,True,False,False,False,False,False,True
1,1,73,92,84,False,True,False,False,False,True,False
0,2,53,39,37,True,True,False,False,True,False,False
1,3,68,77,80,False,False,False,True,False,False,False
0,0,55,46,43,False,True,True,False,False,False,False
1,2,87,89,94,True,False,False,False,True,False,False
0,0,55,47,44,True,True,False,False,False,True,False
1,2,53,58,57,False,True,False,False,False,False,True
0,5,67,57,59,True,True,False,False,True,False,False
0,3,92,79,84,True,True,False,False,True,False,False
1,2,53,66,73,False,False,False,True,False,False,False
0,3,81,71,73,True,True,False,False,False,True,False
0,1,61,60,55,False,True,False,False,True,False,False
0,4,80,73,72,True,True,False,False,False,True,False
1,3,37,57,56,False,True,True,False,False,False,False
1,1,81,84,82,True,True,False,False,True,False,False
1,3,59,73,72,True,False,False,False,True,False,False
0,2,55,55,47,False,True,False,True,False,False,False
0,3,72,79,74,True,True,False,False,False,True,False
0,1,69,75,71,True,True,False,False,False,True,False
0,2,69,64,68,True,True,False,False,True,False,False
1,4,50,60,59,False,True,False,False,True,False,False
0,2,87,84,86,True,False,False,True,False,False,False
0,0,71,69,68,True,False,False,False,False,True,False
0,2,68,72,65,True,True,False,False,False,False,True
0,5,79,77,75,False,False,False,False,True,False,False
1,0,77,90,85,True,False,False,False,True,False,False
0,3,58,55,53,False,True,False,False,True,False,False
1,3,84,95,92,True,True,False,False,False,False,True
0,2,55,58,52,True,True,False,False,False,True,False
0,4,70,68,72,False,False,False,False,False,False,True
1,2,52,59,65,False,False,False,False,False,True,False
0,2,69,77,77,True,False,False,True,False,False,False
1,1,53,72,64,False,True,False,False,True,False,False
1,0,48,58,54,True,True,False,False,False,True,False
0,0,78,81,86,True,False,False,False,False,True,False
1,1,62,62,63,True,True,False,True,False,False,False
0,2,60,63,59,True,True,False,False,False,True,False
1,1,74,72,72,True,True,False,True,False,False,False
1,1,58,75,77,True,False,False,False,True,False,False
0,1,76,62,60,True,False,False,True,False,False,False
1,0,68,71,75,True,True,False,False,False,True,False
0,2,58,60,57,False,True,True,False,False,False,False
0,1,52,48,49,True,True,False,True,False,False,False
0,4,75,73,74,True,True,False,False,False,True,False
1,0,52,67,72,False,False,False,True,False,False,False
1,4,62,78,79,False,True,False,False,True,False,False
0,2,66,65,60,True,True,False,True,False,False,False
1,0,49,58,55,False,True,False,True,False,False,False
1,1,66,72,70,True,True,False,True,False,False,False
1,2,35,44,43,False,True,False,False,True,False,False
1,2,72,79,82,True,False,True,False,False,False,False
0,3,94,85,82,True,False,False,False,False,False,True
1,3,46,56,57,False,True,False,False,False,True,False
1,5,77,90,84,True,True,False,True,False,False,False
1,1,76,85,82,False,False,False,True,False,False,False
1,3,52,59,62,True,False,False,False,True,False,False
0,4,91,81,79,True,False,False,False,True,False,False
1,0,32,51,44,True,False,False,True,False,False,False
1,0,72,79,77,False,True,False,False,False,False,True
1,2,19,38,32,True,True,False,True,False,False,False
0,3,68,65,61,False,True,False,False,True,False,False
1,5,52,65,61,False,True,False,False,True,False,False
1,1,48,62,60,True,True,False,True,False,False,False
1,2,60,66,70,False,True,False,False,False,True,False
0,1,66,74,69,False,True,False,False,False,True,False
0,0,89,84,77,True,False,False,False,False,False,True
1,1,42,52,51,True,True,False,True,False,False,False
1,3,57,68,73,False,False,False,False,False,False,True
0,1,70,70,70,True,True,False,False,False,True,False
1,3,70,84,81,False,True,False,False,False,False,True
0,2,69,60,54,True,True,False,False,False,False,True
1,3,52,55,57,True,True,False,False,True,False,False
0,0,67,73,68,True,False,False,False,True,False,False
0,0,76,80,73,True,False,False,False,True,False,False
1,3,87,94,95,True,True,False,False,False,False,True
1,2,82,85,87,True,True,False,True,False,False,False
1,2,73,76,78,True,True,False,False,True,False,False
0,2,75,81,74,False,True,True,False,False,False,False
1,2,64,74,75,False,True,False,False,False,True,False
1,1,41,45,40,False,True,False,False,False,False,True
0,1,90,75,69,True,True,False,False,True,False,False
0,4,59,54,51,True,True,False,True,False,False,False
0,0,51,31,36,True,True,True,False,False,False,False
0,1,45,47,49,False,True,True,False,False,False,False
1,5,54,64,67,True,False,False,False,True,False,False
0,0,87,84,76,True,False,False,False,False,False,True
1,1,72,80,83,True,True,False,False,True,False,False
0,0,94,86,87,True,False,False,True,False,False,False
1,4,45,59,64,True,True,True,False,False,False,False
0,4,61,70,76,False,False,False,False,False,True,False
1,1,60,72,68,False,True,False,True,False,False,False
1,0,77,91,88,True,True,False,False,True,False,False
1,0,85,90,92,True,False,True,False,False,False,False
1,4,78,90,93,False,True,False,False,False,True,False
0,2,49,52,51,False,False,False,False,False,False,True
1,1,71,87,82,False,True,False,True,False,False,False
1,0,48,58,52,False,True,False,False,True,False,False
0,1,62,67,58,True,True,False,False,True,False,False
1,3,56,68,70,False,False,False,False,True,False,False
1,0,65,69,76,True,True,False,False,True,False,False
1,0,69,86,81,False,False,False,False,False,True,False
0,0,68,54,53,True,True,False,True,False,False,False
1,2,61,60,57,False,True,True,False,False,False,False
1,4,74,86,89,False,False,False,False,True,False,False
0,4,64,60,58,True,True,True,False,False,False,False
1,1,77,82,89,True,False,False,True,False,False,False
0,2,58,50,45,True,True,False,True,False,False,False
1,1,60,64,74,True,False,False,False,True,False,False
0,1,73,64,57,True,True,False,False,False,False,True
1,1,75,82,79,True,False,True,False,False,False,False
0,3,58,57,53,False,False,False,True,False,False,False
1,3,66,77,73,True,True,False,False,True,False,False
1,1,39,52,46,False,True,False,False,False,True,False
0,0,64,58,51,True,True,False,False,True,False,False
1,1,23,44,36,False,False,False,True,False,False,False
0,2,74,77,76,False,False,False,True,False,False,False
1,0,40,65,64,False,False,False,False,False,True,False
0,5,90,85,84,True,True,False,False,False,False,True
0,5,91,85,85,True,False,False,False,True,False,False
0,1,64,54,50,True,True,False,False,False,True,False
1,1,59,72,68,True,True,False,False,True,False,False
0,3,80,75,69,True,True,False,False,False,True,False
0,5,71,67,67,True,True,False,False,True,False,False
1,1,61,68,63,True,True,True,False,False,False,False
1,2,87,85,93,True,True,False,False,False,False,True
0,0,82,67,61,True,True,False,False,False,False,True
0,0,62,64,55,True,True,False,False,True,False,False
1,4,97,97,96,True,True,False,True,False,False,False
0,2,75,68,65,False,True,False,True,False,False,False
1,4,65,79,81,True,True,False,False,True,False,False
0,1,52,49,46,True,False,False,True,False,False,False
0,3,87,73,72,False,True,False,False,True,False,False
1,3,53,62,53,True,True,False,False,True,False,False
1,5,81,86,87,False,True,False,False,False,False,True
0,4,39,42,38,False,False,False,False,False,True,False
1,2,71,71,80,True,False,False,False,True,False,False
0,3,97,93,91,True,True,False,False,True,False,False
0,2,82,82,88,True,False,False,False,False,True,False
0,1,59,53,52,False,True,False,False,True,False,False
0,3,61,42,41,True,True,False,True,False,False,False
0,3,78,74,72,False,False,False,False,False,False,True
0,3,49,51,51,False,True,False,False,True,False,False
0,1,59,58,47,True,True,False,True,False,False,False
1,2,70,72,76,True,False,False,False,True,False,False
0,3,82,84,78,True,False,False,True,False,False,False
0,3,90,90,82,False,True,False,False,False,False,True
1,4,43,62,61,False,True,False,False,True,False,False
0,2,80,64,66,False,True,False,False,True,False,False
0,2,81,82,84,True,True,False,False,False,True,False
0,0,57,61,54,True,True,False,False,True,False,False
1,0,59,72,80,True,True,False,False,False,True,False
1,3,64,76,74,True,True,False,False,False,True,False
0,4,63,64,66,True,False,False,False,True,False,False
1,4,71,70,70,True,False,False,False,False,False,True
1,1,64,73,71,False,True,False,True,False,False,False
0,4,55,46,44,False,True,False,False,False,True,False
1,3,51,51,54,True,True,False,False,False,False,True
1,3,62,76,80,True,False,False,False,True,False,False
1,3,93,100,95,True,False,False,False,False,False,True
0,1,54,72,59,False,True,False,False,True,False,False
1,2,69,65,74,False,True,False,False,False,True,False
0,1,44,51,48,False,True,False,False,False,True,False
1,2,86,85,91,True,False,False,False,False,False,True
1,3,85,92,85,True,True,False,False,False,False,True
1,5,50,67,73,False,True,True,False,False,False,False
0,0,88,74,75,True,False,False,False,False,True,False
1,3,59,62,69,True,True,False,False,False,False,True
1,0,32,34,38,False,True,False,False,False,False,True
0,1,36,29,27,False,True,False,True,False,False,False
1,0,63,78,79,False,False,False,True,False,False,False
0,3,67,54,63,True,False,False,False,False,True,False
1,0,65,78,82,True,False,False,False,False,True,False
0,5,85,84,89,True,True,False,False,False,True,False
1,5,73,78,74,True,True,False,False,True,False,False
1,1,34,48,41,False,False,True,False,False,False,False
1,4,93,100,100,False,False,False,False,False,True,False
1,0,67,84,84,False,True,False,False,False,True,False
0,2,88,77,77,True,True,False,False,False,True,False
0,1,57,48,51,True,True,False,True,False,False,False
1,2,79,84,91,True,False,False,False,False,True,False
1,4,67,75,72,False,True,False,False,True,False,False
0,4,70,64,70,True,False,False,False,False,False,True
0,4,50,42,48,False,True,False,False,False,True,False
1,2,69,84,82,True,True,True,False,False,False,False
1,4,52,61,66,True,False,False,False,True,False,False
1,4,47,62,66,False,False,False,False,True,False,False
1,3,46,61,55,False,True,False,True,False,False,False
1,2,68,70,66,True,True,False,False,False,False,True
0,4,100,100,100,True,False,False,False,False,False,True
1,1,44,61,52,True,True,False,False,True,False,False
1,3,57,77,80,True,False,False,False,True,False,False
0,2,91,96,91,True,False,False,True,False,False,False
0,1,69,70,67,False,True,False,False,False,True,False
1,1,35,53,46,False,True,False,False,True,False,False
0,1,72,66,66,True,True,False,False,False,True,False
1,3,54,65,65,False,True,False,True,False,False,False
0,1,74,70,69,False,True,False,False,False,True,False
0,0,74,64,60,True,False,False,False,False,False,True
0,3,64,56,52,False,True,False,False,False,False,True
1,1,65,61,71,False,False,False,False,False,True,False
0,3,46,43,44,False,False,False,False,False,False,True
1,0,48,56,51,False,True,False,False,True,False,False
0,2,67,74,70,False,False,False,False,True,False,False
0,2,62,57,62,False,True,False,False,False,True,False
0,3,61,71,73,False,False,False,False,False,True,False
0,4,70,75,74,False,False,False,False,True,False,False
0,3,98,87,90,True,False,False,False,True,False,False
0,2,70,63,58,False,True,False,False,False,True,False
0,3,67,57,53,True,True,True,False,False,False,False
1,1,57,58,57,False,True,False,False,False,False,True
0,2,85,81,85,True,False,False,False,False,True,False
0,0,77,68,69,True,False,False,False,False,True,False
0,5,72,66,72,False,False,False,False,True,False,False
1,5,78,91,96,True,True,False,False,False,True,False
0,1,81,66,64,True,True,False,False,True,False,False
0,0,61,62,61,False,False,True,False,False,False,False
1,1,58,68,61,True,True,False,True,False,False,False
1,3,54,61,58,True,True,False,False,True,False,False
0,1,82,82,80,True,True,False,True,False,False,False
1,2,49,58,60,False,True,False,False,False,True,False
0,0,49,50,52,False,False,False,True,False,False,False
1,1,57,75,73,False,False,False,False,False,False,True
0,1,94,73,71,True,True,False,False,False,False,True
1,2,75,77,83,True,False,False,False,False,True,False
1,0,74,74,72,False,True,False,False,False,False,True
0,1,58,52,54,True,False,False,False,True,False,False
1,2,62,69,69,True,True,False,False,True,False,False
0,3,72,57,62,True,True,False,False,False,False,True
0,2,84,87,81,True,True,False,False,True,False,False
1,5,92,100,100,True,True,False,False,False,True,False
1,1,45,63,59,True,True,False,False,False,True,False
0,1,75,81,71,True,True,False,False,True,False,False
1,2,56,58,64,True,True,True,False,False,False,False
1,0,48,54,53,False,True,False,False,False,True,False
1,3,100,100,100,True,True,False,False,False,False,True
1,0,65,76,75,False,False,False,False,True,False,False
0,2,72,57,58,True,True,False,False,False,True,False
1,2,62,70,72,True,True,False,False,False,True,False
0,0,66,68,64,True,False,True,False,False,False,False
0,2,63,63,60,True,True,False,False,True,False,False
1,3,68,76,67,True,True,False,False,False,False,True
1,4,75,84,80,True,True,False,True,False,False,False
1,4,89,100,100,True,True,False,False,False,True,False
0,0,78,72,69,True,False,False,False,True,False,False
1,1,53,50,60,False,False,True,False,False,False,False
1,2,49,65,61,False,True,False,False,False,True,False
1,2,54,63,67,True,True,True,False,False,False,False
1,2,64,82,77,True,False,False,False,True,False,False
0,2,60,62,60,False,False,False,True,False,False,False
0,3,62,65,58,True,True,False,False,True,False,False
0,1,55,41,48,True,False,False,False,False,True,False
1,3,91,95,94,True,True,False,False,True,False,False
1,1,8,24,23,False,True,False,True,False,False,False
0,0,81,78,78,True,True,False,False,False,True,False
0,0,79,85,86,True,False,False,True,False,False,False
1,2,78,87,91,True,False,True,False,False,False,False
1,0,74,75,82,True,True,False,False,True,False,False
0,1,57,51,54,True,True,True,False,False,False,False
1,3,40,59,51,True,True,False,False,True,False,False
0,0,81,75,76,True,False,False,False,False,False,True
1,0,44,45,45,False,True,True,False,False,False,False
1,2,67,86,83,False,False,False,False,False,True,False
0,1,86,81,75,False,False,False,False,False,False,True
1,0,65,82,78,True,False,False,True,False,False,False
1,3,55,76,76,False,True,False,False,False,True,False
1,4,62,72,74,False,True,False,False,False,True,False
0,1,63,63,62,True,True,True,False,False,False,False
1,5,88,99,95,True,False,False,False,False,False,True
0,1,62,55,55,False,True,False,False,True,False,False
1,1,59,71,65,False,False,False,False,True,False,False
1,2,68,78,77,True,False,False,False,False,True,False
1,2,77,86,86,False,True,False,False,False,True,False
